EA,00,4F,F6,00,54,F5,00,54,E9,00,4F,00,00,F0,00,00,FE,00,00,FD,00,00,F0,1B,ED,3C,1B,FA,3F,24,F9,3F,1B,ED,3C,F0,00,F1,FD,00,FD,FD,00,FD,F0,00,F0
EA,00,4F,F6,00,54,F5,00,54,E9,00,4F,00,00,F0,00,00,FE,00,00,FD,00,00,F0,1B,ED,3C,1B,FA,3F,24,F9,3F,1B,ED,3C,F1,00,F1,FD,00,FD,FD,00,FD,F0,00,F0
EA,00,4F,F6,00,54,F5,00,54,E9,00,4F,00,00,F0,00,00,FE,00,00,FD,00,00,F0,1B,ED,3C,1B,FA,3F,24,F9,3F,1B,ED,3C,F0,00,F0,FD,00,FD,FD,00,FD,F0,00,F0
EA,00,4F,F6,00,54,F5,00,54,E9,00,4F,00,00,F1,00,00,FE,00,00,FD,00,00,F0,1B,ED,3C,1B,FA,3F,24,F9,3F,1B,ED,3C,F1,00,F0,FD,00,FD,FD,00,FC,F0,00,F0
EA,00,4F,F6,00,54,F5,00,54,E9,00,4F,00,00,F1,00,00,FE,00,00,FD,00,00,F0,1B,ED,3C,1B,FA,3F,24,F9,3F,1B,ED,3C,F1,00,F0,FD,00,FD,FD,00,FC,F0,00,F0
EA,00,4F,F6,00,54,F5,00,54,E9,00,4F,00,00,F1,00,00,FE,00,00,FD,00,00,F0,1B,ED,3C,1B,FA,3F,24,F9,3F,1B,ED,3C,F1,00,F0,FD,00,FD,FD,00,FC,F0,00,F0
EA,00,4F,F6,00,54,F5,00,54,E9,00,4F,00,00,F1,00,00,FE,00,00,FD,00,00,F0,1B,ED,3C,1B,FA,3F,24,F9,3F,1B,ED,3C,F1,00,F0,FD,00,FD,FD,00,FC,F0,00,F0
EA,00,4F,F6,00,54,F5,00,54,E9,00,4F,00,00,F1,00,00,FE,00,00,FD,00,00,F0,1B,ED,3C,1B,FA,3F,24,F9,3F,1B,ED,3C,F1,00,F0,FD,00,FD,FD,00,FC,F0,00,F0
EA,00,4F,F6,00,54,F5,00,54,E9,00,4F,00,00,F1,00,00,FE,00,00,FD,00,00,F0,1B,ED,3C,1B,FA,3F,24,F9,3F,1B,ED,3C,F1,00,F0,FD,00,FD,FD,00,FC,F0,00,F0
EA,00,4F,F6,00,54,F5,00,54,E9,00,4F,00,00,F1,00,00,FE,00,00,FD,00,00,F0,1B,ED,3C,1B,FA,3F,24,F9,3F,1B,ED,3C,F1,00,F0,FD,00,FD,FD,00,FC,F0,00,F0
EA,00,4F,F6,00,54,F5,00,54,E9,00,4F,00,00,F1,00,00,FE,00,00,FD,00,00,F0,1B,ED,3C,1B,FA,3F,24,F9,3F,1B,ED,3C,F1,00,F0,FD,00,FD,FD,00,FC,F0,00,F0
EA,00,4F,F6,00,54,F5,00,54,E9,00,4F,00,00,F1,00,00,FE,00,00,FD,00,00,F0,1B,ED,3C,1B,FA,3F,24,F9,3F,1B,ED,3C,F1,00,F0,FD,00,FD,FD,00,FC,F0,00,F0
EA,00,4F,F6,00,54,F5,00,54,E9,00,4F,00,00,F1,00,00,FE,00,00,FD,00,00,F0,1B,ED,3C,1B,FA,3F,24,F9,3F,1B,ED,3C,F1,00,F0,FD,00,FD,FD,00,FC,F0,00,F0
EA,00,4F,F6,00,54,F5,00,54,E9,00,4F,00,00,F1,00,00,FE,00,00,FD,00,00,F0,1B,ED,3C,1B,FA,3F,24,F9,3F,1B,ED,3C,F1,00,F0,FD,00,FD,FD,00,FC,F0,00,F0
E9,00,4F,F6,00,54,F5,00,54,E9,00,4F,00,00,F0,00,00,FE,00,00,FD,00,00,F0,1B,ED,3C,1B,FA,3F,24,F9,3F,1B,ED,3C,F0,00,F0,FD,00,FC,FD,00,FC,F0,00,F0
E9,00,4F,F6,00,54,F5,00,54,E9,00,4F,00,00,F0,00,00,FE,00,00,FD,00,00,F0,1B,ED,3C,1B,FA,3F,24,F9,3F,1B,ED,3C,F0,00,F0,FD,00,FC,FD,00,FC,F0,00,F0
E9,00,4F,F6,00,54,F5,00,54,E9,00,4F,00,00,F0,00,00,FE,00,00,FD,00,00,F0,1B,ED,3C,1B,FA,3F,24,F9,3F,1B,ED,3C,F0,00,F0,FD,00,FC,FD,00,FC,F0,00,F0
E9,00,4F,F6,00,54,F5,00,54,E9,00,4F,00,00,F0,00,00,FE,00,00,FD,00,00,F0,1B,ED,3C,1B,FA,3F,24,F9,3F,1B,ED,3C,F0,00,F0,FD,00,FC,FD,00,FC,F0,00,F0
E9,00,4F,F6,00,54,F5,00,54,E9,00,4F,00,00,F0,00,00,FE,00,00,FD,00,00,F0,1B,ED,3C,1B,FA,3F,24,F9,3F,1B,ED,3C,F0,00,F0,FD,00,FC,FD,00,FC,F0,00,F0
E9,00,4F,F6,00,54,F5,00,54,E9,00,4F,00,00,F0,00,00,FE,00,00,FD,00,00,F0,1B,ED,3C,1B,FA,3F,24,F9,3F,1B,ED,3C,F0,00,F0,FD,00,FC,FD,00,FC,F0,00,F0
E9,00,4F,F6,00,54,F5,00,54,E9,00,4F,00,00,F0,00,00,FE,00,00,FD,00,00,F0,1B,ED,3C,1B,FA,3F,24,F9,3F,1B,ED,3C,F0,00,F0,FD,00,FC,FD,00,FC,F0,00,F0
E9,00,4F,F6,00,54,F5,00,54,E9,00,4F,00,00,F0,00,00,FE,00,00,FD,00,00,F0,1B,ED,3C,1B,FA,3F,24,F9,3F,1B,ED,3C,F0,00,F0,FD,00,FC,FD,00,FC,F0,00,F0
E9,00,4F,F6,00,54,F5,00,54,E9,00,4F,00,00,F0,00,00,FE,00,00,FD,00,00,F0,1B,ED,3C,1B,FA,3F,24,F9,3F,1B,ED,3C,F0,00,F0,FD,00,FC,FD,00,FC,F0,00,F0
E9,00,4F,F6,00,54,F5,00,54,E9,00,4F,00,00,F0,00,00,FE,00,00,FD,00,00,F0,1B,ED,3C,1B,FA,3F,24,F9,3F,1B,ED,3C,F0,00,F0,FD,00,FC,FD,00,FC,F0,00,F0
E9,00,4F,F6,00,54,F5,00,54,E9,00,4F,00,00,F0,00,00,FE,00,00,FD,00,00,F0,1B,ED,3C,1B,FA,3F,24,F9,3F,1B,ED,3C,F0,00,F0,FD,00,FC,FD,00,FC,F0,00,F0
00,00,F0,00,00,FD,00,00,FC,00,00,F0,00,00,F0,00,00,FE,00,00,FD,00,00,F0,00,00,EF,00,00,FC,00,00,FB,00,00,EF,00,00,F0,00,00,FC,00,00,FC,00,00,F0
00,00,F0,00,00,FD,00,00,FC,00,00,F0,00,00,F0,00,00,FE,00,00,FD,00,00,F0,00,00,EF,00,00,FC,00,00,FB,00,00,EF,00,00,F0,00,00,FC,00,00,FC,00,00,F0
00,00,F0,00,00,FD,00,00,FC,00,00,F0,00,00,F0,00,00,FE,00,00,FD,00,00,F0,00,00,EF,00,00,FC,00,00,FB,00,00,EF,00,00,F0,00,00,FC,00,00,FC,00,00,F0
00,00,F0,00,00,FD,00,00,FC,00,00,F0,00,00,F0,00,00,FE,00,00,FD,00,00,F0,00,00,EF,00,00,FC,00,00,FB,00,00,EF,00,00,F0,00,00,FC,00,00,FC,00,00,F0
00,00,F0,00,00,FD,00,00,FC,00,00,F0,00,00,F0,00,00,FE,00,00,FD,00,00,F0,00,00,EF,00,00,FC,00,00,FB,00,00,EF,00,00,F0,00,00,FD,00,00,FC,00,00,F0
00,00,F0,00,00,FD,00,00,FC,00,00,F0,00,00,F0,00,00,FE,00,00,FD,00,00,F0,00,00,EF,00,00,FC,00,00,FB,00,00,EF,00,00,F0,00,00,FC,00,00,FC,00,00,F0
00,00,F0,00,00,FD,00,00,FC,00,00,F0,00,00,F0,00,00,FE,00,00,FD,00,00,F0,00,00,EF,00,00,FC,00,00,FB,00,00,EF,00,00,F0,00,00,FC,00,00,FC,00,00,F0
00,00,F0,00,00,FD,00,00,FC,00,00,F0,00,00,F0,00,00,FE,00,00,FD,00,00,F0,00,00,EF,00,00,FC,00,00,FB,00,00,EF,00,00,F0,00,00,FC,00,00,FC,00,00,F0
00,00,F0,00,00,FD,00,00,FC,00,00,F0,00,00,F0,00,00,FE,00,00,FD,00,00,F0,00,00,EF,00,00,FC,00,00,FB,00,00,EF,00,00,F0,00,00,FC,00,00,FC,00,00,F0
00,00,F0,00,00,FD,00,00,FC,00,00,F0,00,00,F0,00,00,FE,00,00,FD,00,00,F0,00,00,EF,00,00,FC,00,00,FB,00,00,EF,00,00,F0,00,00,FC,00,00,FC,00,00,F0
00,00,F0,00,00,FD,00,00,FC,00,00,F0,00,00,F0,00,00,FE,00,00,FD,00,00,F0,00,00,EF,00,00,FC,00,00,FB,00,00,EF,00,00,F0,00,00,FC,00,00,FC,00,00,F0
00,00,F0,00,00,FD,00,00,FC,00,00,F0,00,00,F0,00,00,FE,00,00,FD,00,00,F0,00,00,EF,00,00,FC,00,00,FB,00,00,EF,00,00,F0,00,00,FC,00,00,FC,00,00,F0
00,00,F0,00,00,FD,00,00,FC,00,00,F0,00,00,F0,00,00,FE,00,00,FD,00,00,F0,00,00,EF,00,00,FC,00,00,FB,00,00,EF,00,00,F0,00,00,FC,00,00,FC,00,00,F0
00,00,F0,00,00,FD,00,00,FC,00,00,F0,00,00,F0,00,00,FE,00,00,FD,00,00,F0,00,00,EF,00,00,FC,00,00,FB,00,00,EF,00,00,F0,00,00,FC,00,00,FC,00,00,F0
00,00,F0,00,00,FD,00,00,FC,00,00,F0,00,00,F0,00,00,FE,00,00,FD,00,00,F0,00,00,EF,00,00,FC,00,00,FB,00,00,EF,00,00,F0,00,00,FC,00,00,FC,00,00,F0
00,00,F0,00,00,FD,00,00,FC,00,00,F0,00,00,F0,00,00,FE,00,00,FD,00,00,F0,00,00,EF,00,00,FC,00,00,FB,00,00,EF,00,00,F0,00,00,FC,00,00,FC,00,00,F0
00,00,F0,00,00,FD,00,00,FC,00,00,F0,00,00,F0,00,00,FE,00,00,FD,00,00,F0,00,00,EF,00,00,FC,00,00,FB,00,00,EF,00,00,F0,00,00,FC,00,00,FC,00,00,F0
00,00,F0,00,00,FD,00,00,FC,00,00,F0,00,00,F0,00,00,FE,00,00,FD,00,00,F0,00,00,EF,00,00,FC,00,00,FB,00,00,EF,00,00,F0,00,00,FC,00,00,FC,00,00,F0
00,00,F0,00,00,FD,00,00,FC,00,00,F0,00,00,F0,00,00,FE,00,00,FD,00,00,F0,00,00,EF,00,00,FC,00,00,FB,00,00,EF,00,00,F0,00,00,FC,00,00,FC,00,00,F0
00,00,F0,00,00,FD,00,00,FC,00,00,F0,00,00,F0,00,00,FE,00,00,FD,00,00,F0,00,00,EF,00,00,FC,00,00,FB,00,00,EF,00,00,F0,00,00,FD,00,00,FC,00,00,F0
00,00,F0,00,00,FD,00,00,FC,00,00,F0,00,00,F0,00,00,FE,00,00,FD,00,00,F0,00,00,EF,00,00,FC,00,00,FB,00,00,EF,00,00,F0,00,00,FC,00,00,FC,00,00,F0
00,00,F0,00,00,FD,00,00,FC,00,00,F0,00,00,F0,00,00,FE,00,00,FD,00,00,F0,00,00,EF,00,00,FC,00,00,FB,00,00,EF,00,00,F0,00,00,FC,00,00,FC,00,00,F0
00,00,F0,00,00,FD,00,00,FC,00,00,F0,00,00,F0,00,00,FE,00,00,FD,00,00,F0,00,00,EF,00,00,FC,00,00,FB,00,00,EF,00,00,F0,00,00,FC,00,00,FC,00,00,F0
1B,F0,1B,00,FC,00,00,FC,00,00,EF,00,00,F0,1B,00,FE,00,00,FD,00,00,F0,00,1B,EF,1B,1B,FC,1B,1B,FB,24,1B,EF,1B,1B,F0,1B,00,FD,1B,00,FC,00,00,F0,00
1B,F0,1B,00,FC,00,00,FC,00,00,EF,00,00,F1,1B,00,FE,00,00,FD,00,00,F0,00,1B,EF,1B,1B,FC,1B,1B,FB,24,1B,EF,1B,1B,F0,1B,1B,FD,1B,00,FC,00,00,F0,00
1B,F0,1B,00,FC,00,00,FC,00,00,EF,00,00,F1,1B,00,FE,00,00,FD,00,00,F0,00,1B,EF,1B,1B,FC,1B,1B,FB,24,1B,EF,1B,1B,F0,1B,1B,FD,1B,00,FC,00,00,F0,00
1B,F0,1B,00,FC,00,00,FC,00,00,EF,00,00,F1,1B,00,FE,00,00,FD,00,00,F0,00,1B,EF,1B,1B,FC,1B,1B,FB,24,1B,EF,1B,1B,F0,1B,1B,FD,1B,00,FC,00,00,F0,00
1B,F0,1B,00,FC,00,00,FC,00,00,EF,00,00,F1,1B,00,FE,00,00,FD,00,00,F0,00,1B,EF,1B,1B,FC,1B,1B,FB,24,1B,EF,1B,1B,F0,1B,1B,FD,1B,00,FC,00,00,F0,00
1B,F0,1B,00,FC,00,00,FC,00,00,EF,00,00,F1,1B,00,FE,00,00,FD,00,00,F0,00,1B,EF,1B,1B,FC,1B,1B,FB,24,1B,EF,1B,1B,F0,1B,1B,FD,1B,00,FC,00,00,F0,00
1B,F0,1B,00,FC,00,00,FC,00,00,EF,00,00,F1,1B,00,FE,00,00,FD,00,00,F0,00,1B,EF,1B,1B,FC,1B,1B,FB,24,1B,EF,1B,1B,F0,1B,1B,FD,1B,00,FC,00,00,F0,00
1B,F0,1B,00,FC,00,00,FC,00,00,EF,00,00,F1,1B,00,FE,00,00,FD,00,00,F0,00,1B,EF,1B,1B,FC,1B,1B,FB,24,1B,EF,1B,1B,F0,1B,1B,FD,1B,00,FC,00,00,F0,00
1B,F0,1B,00,FC,00,00,FC,00,00,EF,00,00,F1,1B,00,FE,00,00,FD,00,00,F0,00,1B,EF,1B,1B,FC,1B,1B,FB,24,1B,EF,1B,1B,F0,1B,1B,FD,1B,00,FC,00,00,F0,00
1B,F0,1B,00,FC,00,00,FC,00,00,EF,00,00,F1,1B,00,FE,00,00,FD,00,00,F0,00,1B,EF,1B,1B,FC,1B,1B,FB,24,1B,EF,1B,1B,F0,1B,1B,FD,1B,00,FC,00,00,F0,00
1B,F0,1B,00,FC,00,00,FC,00,00,EF,00,00,F1,1B,00,FE,00,00,FD,00,00,F0,00,1B,EF,1B,1B,FC,1B,1B,FB,24,1B,EF,1B,1B,F0,1B,1B,FD,1B,00,FC,00,00,F0,00
1B,F0,1B,00,FC,00,00,FC,00,00,EF,00,00,F0,1B,00,FE,00,00,FD,00,00,F0,00,1B,EF,1B,1B,FC,1B,1B,FB,24,1B,EF,1B,1B,F0,1B,00,FD,1B,00,FC,00,00,F0,00
1B,F0,1B,00,FC,00,00,FC,00,00,EF,00,1B,F1,00,00,FE,00,00,FD,00,00,F0,00,1B,EF,1B,1B,FC,1B,1B,FB,24,1B,EF,1B,1B,F0,1B,1B,FD,1B,00,FC,00,00,F0,00
1B,F0,1B,00,FC,00,00,FC,00,00,EF,00,00,F1,1B,00,FE,00,00,FD,00,00,F0,00,1B,EF,1B,1B,FC,1B,1B,FB,24,1B,EF,1B,1B,F0,1B,1B,FD,1B,00,FC,00,00,F0,00
1B,F0,1B,00,FC,00,00,FC,00,00,EF,00,00,F1,1B,00,FE,00,00,FD,00,00,F0,00,1B,EF,1B,1B,FC,1B,1B,FB,24,1B,EF,1B,1B,F0,1B,1B,FD,1B,00,FC,00,00,F0,00
1B,F0,1B,00,FC,00,00,FC,00,00,EF,00,00,F1,1B,00,FE,00,00,FD,00,00,F0,00,1B,EF,1B,1B,FC,1B,1B,FB,24,1B,EF,1B,1B,F0,1B,1B,FD,1B,00,FC,00,00,F0,00
1B,F0,1B,00,FC,00,00,FC,00,00,EF,00,00,F1,1B,00,FE,00,00,FD,00,00,F0,00,1B,EF,1B,1B,FC,1B,1B,FB,24,1B,EF,1B,1B,F0,1B,1B,FD,1B,00,FC,00,00,F0,00
1B,F0,1B,00,FC,00,00,FC,00,00,EF,00,00,F1,1B,00,FE,00,00,FD,00,00,F0,00,1B,EF,1B,1B,FC,1B,1B,FB,24,1B,EF,1B,1B,F0,1B,1B,FD,1B,00,FC,00,00,F0,00
1B,F0,1B,00,FC,00,00,FC,00,00,EF,00,00,F1,1B,00,FE,00,00,FD,00,00,F0,00,1B,EF,1B,1B,FC,1B,1B,FB,24,1B,EF,1B,1B,F0,1B,1B,FD,1B,00,FC,00,00,F0,00
1B,F0,1B,00,FC,00,00,FC,00,00,EF,00,00,F1,1B,00,FE,00,00,FD,00,00,F0,00,1B,EF,1B,1B,FC,1B,1B,FB,24,1B,EF,1B,1B,F0,1B,1B,FD,1B,00,FC,00,00,F0,00
1B,F0,1B,00,FC,00,00,FC,00,00,EF,00,00,F1,1B,00,FE,00,00,FD,00,00,F0,00,1B,EF,1B,1B,FC,1B,1B,FB,24,1B,EF,1B,1B,F0,1B,1B,FD,1B,00,FC,00,00,F0,00
1B,F0,1B,00,FC,00,00,FC,00,00,EF,00,00,F1,1B,00,FE,00,00,FD,00,00,F0,00,1B,EF,1B,1B,FC,1B,1B,FB,24,1B,EF,1B,1B,F0,1B,1B,FD,1B,00,FC,00,00,F0,00
1B,F0,1B,00,FC,00,00,FC,00,00,EF,00,00,F1,1B,00,FE,00,00,FD,00,00,F0,00,1B,EF,1B,1B,FC,1B,1B,FB,24,1B,EF,1B,1B,F0,1B,1B,FD,1B,00,FC,00,00,F0,00
1B,F0,1B,00,FC,00,00,FC,00,00,EF,00,00,F1,1B,00,FE,00,00,FD,00,00,F0,00,1B,EF,1B,1B,FC,1B,1B,FB,24,1B,EF,1B,1B,F0,1B,1B,FD,1B,00,FC,00,00,F0,00
1B,F0,1B,00,FC,00,00,FC,00,00,EF,00,00,F1,1B,00,FE,00,00,FD,00,00,F0,00,1B,EF,1B,1B,FC,1B,1B,FB,24,1B,EF,1B,1B,F0,1B,1B,FD,1B,00,FC,00,00,F0,00
F0,00,00,FD,00,00,FC,00,00,EF,00,00,F0,00,00,FE,00,00,FD,00,00,F0,00,00,EF,00,1B,FC,00,00,FB,1B,1B,EF,00,00,F0,00,00,FD,00,00,FD,00,00,F0,00,00
F0,00,00,FD,00,00,FC,00,00,EF,00,00,F0,00,00,FE,00,00,FD,00,00,F0,00,00,EF,00,1B,FC,00,00,FB,1B,1B,EF,00,00,F0,00,00,FD,00,00,FD,00,00,F0,00,00
F0,00,00,FD,00,00,FC,00,00,EF,00,00,F0,00,00,FE,00,00,FD,00,00,F0,00,00,EF,00,00,FC,00,00,FB,1B,1B,EF,00,00,F0,00,00,FD,00,00,FC,00,00,F0,00,00
F0,00,00,FD,00,00,FC,00,00,EF,00,00,F0,00,00,FE,00,00,FD,00,00,F0,00,00,EF,00,00,FC,00,00,FB,1B,1B,EF,00,00,F0,00,00,FD,00,00,FC,00,00,F0,00,00
F0,00,00,FD,00,00,FC,00,00,EF,00,00,F0,00,00,FE,00,00,FD,00,00,F0,00,00,EF,00,00,FC,00,00,FB,1B,1B,EF,00,00,F0,00,00,FD,00,00,FC,00,00,F0,00,00
F0,00,00,FD,00,00,FC,00,00,EF,00,00,F0,00,00,FE,00,00,FD,00,00,F0,00,00,EF,00,00,FC,00,00,FB,1B,1B,EF,00,00,F0,00,00,FD,00,00,FC,00,00,F0,00,00
F0,00,00,FD,00,00,FC,00,00,EF,00,00,F0,00,00,FE,00,00,FD,00,00,F0,00,00,EF,00,00,FC,00,00,FB,1B,1B,EF,00,00,F0,00,00,FD,00,00,FC,00,00,F0,00,00
F0,00,00,FD,00,00,FC,00,00,EF,00,00,F0,00,00,FE,00,00,FD,00,00,F0,00,00,EF,00,00,FC,00,00,FB,1B,1B,EF,00,00,F0,00,00,FD,00,00,FC,00,00,F0,00,00
F0,00,00,FD,00,00,FC,00,00,EF,00,00,F0,00,00,FE,00,00,FD,00,00,F0,00,00,EF,00,00,FC,00,00,FB,1B,1B,EF,00,00,F0,00,00,FD,00,00,FC,00,00,F0,00,00
F0,00,00,FD,00,00,FC,00,00,EF,00,00,F0,00,00,FE,00,00,FD,00,00,F0,00,00,EF,00,00,FC,00,00,FB,1B,1B,EF,00,00,F0,00,00,FD,00,00,FC,00,00,F0,00,00
F0,00,00,FD,00,00,FC,00,00,EF,00,00,F0,00,00,FE,00,00,FD,00,00,F0,00,00,EF,00,00,FC,00,00,FB,1B,1B,EF,00,00,F0,00,00,FD,00,00,FC,00,00,F0,00,00
F0,00,00,FD,00,00,FC,00,00,EF,00,00,F0,00,00,FE,00,00,FD,00,00,F0,00,00,EF,00,00,FC,00,00,FB,1B,1B,EF,00,00,F0,00,00,FD,00,00,FC,00,00,F0,00,00
F0,00,00,FD,00,00,FC,00,00,EF,00,00,F0,00,00,FE,00,00,FD,00,00,F0,00,00,EF,00,00,FC,00,00,FB,1B,1B,EF,00,00,F0,00,00,FD,00,00,FC,00,00,F0,00,00
F0,00,00,FD,00,00,FC,00,00,EF,00,00,F0,00,00,FE,00,00,FD,00,00,F0,00,00,EF,00,00,FC,00,00,FB,1B,1B,EF,00,00,F0,00,00,FD,00,00,FC,00,00,F0,00,00
F0,00,00,FD,00,00,FC,00,00,EF,00,00,F0,00,00,FE,00,00,FD,00,00,F0,00,00,EF,00,00,FC,00,00,FB,1B,1B,EF,00,00,F0,00,00,FD,00,00,FC,00,00,F0,00,00
F0,00,00,FD,00,00,FC,00,00,EF,00,00,F0,00,00,FE,00,00,FD,00,00,F0,00,00,EF,00,00,FC,00,00,FB,1B,1B,EF,00,00,F0,00,00,FD,00,00,FC,00,00,F0,00,00
F0,00,00,FD,00,00,FC,00,00,EF,00,00,F0,00,00,FE,00,00,FD,00,00,F0,00,00,EF,00,1B,FC,00,00,FB,1B,1B,EF,00,00,F0,00,00,FD,00,00,FD,00,00,F0,00,00
F0,00,00,FD,00,00,FC,00,00,EF,00,00,F0,00,00,FE,00,00,FD,00,00,F0,00,00,EF,00,00,FC,00,00,FB,1B,1B,EF,00,00,F0,00,00,FD,00,00,FC,00,00,F0,00,00
F0,00,00,FD,00,00,FC,00,00,EF,00,00,F0,00,00,FE,00,00,FD,00,00,F0,00,00,EF,00,00,FC,00,00,FB,1B,1B,EF,00,00,F0,00,00,FD,00,00,FC,00,00,F0,00,00
F0,00,00,FD,00,00,FC,00,00,EF,00,00,F0,00,00,FE,00,00,FD,00,00,F0,00,00,EF,00,00,FC,00,00,FB,1B,1B,EF,00,00,F0,00,00,FD,00,00,FC,00,00,F0,00,00
F0,00,00,FD,00,00,FC,00,00,EF,00,00,F0,00,00,FE,00,00,FD,00,00,F0,00,00,EF,00,00,FC,00,00,FB,1B,1B,EF,00,00,F0,00,00,FD,00,00,FC,00,00,F0,00,00
F0,00,00,FD,00,00,FC,00,00,EF,00,00,F0,00,00,FE,00,00,FD,00,00,F0,00,00,EF,00,00,FC,00,00,FB,1B,1B,EF,00,00,F0,00,00,FD,00,00,FC,00,00,F0,00,00
F0,00,00,FD,00,00,FC,00,00,EF,00,00,F0,00,00,FE,00,00,FD,00,00,F0,00,00,EF,00,00,FC,00,00,FB,1B,1B,EF,00,00,F0,00,00,FD,00,00,FC,00,00,F0,00,00
F0,00,00,FD,00,00,FC,00,00,EF,00,00,F0,00,00,FE,00,00,FD,00,00,F0,00,00,EF,00,00,FC,00,00,FB,1B,1B,EF,00,00,F0,00,00,FD,00,00,FC,00,00,F0,00,00
F0,00,00,FD,00,00,FC,00,00,EF,00,00,F0,00,00,FE,00,00,FD,00,00,F0,00,00,EF,00,00,FC,00,00,FB,1B,1B,EF,00,00,F0,00,00,FD,00,00,FC,00,00,F0,00,00
BB,24,B1,54,00,F6,00,00,FC,00,00,F0,F0,00,00,BF,C0,1B,2B,00,FC,00,00,F0,EF,00,00,FA,38,00,34,BA,C0,00,00,EF,F0,00,00,FD,00,00,FC,00,00,B5,00,B6
BB,24,B1,54,00,F6,00,00,FC,00,00,F0,F0,00,00,BF,C0,1B,2B,00,FC,00,00,F0,EF,00,00,FA,38,00,34,BA,C0,00,00,EF,F0,00,00,FD,00,00,FC,00,00,B5,00,B6
BB,24,B1,54,00,F6,00,00,FC,00,00,F0,F0,00,00,BF,C0,1B,2B,00,FB,00,00,F0,EF,00,00,FA,38,00,34,BA,C0,00,00,EF,F0,00,00,FD,00,00,FC,00,00,B5,00,B6
BB,24,B1,54,00,F6,00,00,FC,00,00,F0,F0,00,00,BF,C0,1B,2B,00,FB,00,00,F0,EF,00,00,FA,38,00,34,BA,C0,00,00,EF,F0,00,00,FD,00,00,FC,00,00,B5,00,B6
BB,24,B1,54,00,F6,00,00,FC,00,00,F0,F0,00,00,BF,C0,1B,2B,00,FB,00,00,F0,EF,00,00,FA,38,00,34,BA,C0,00,00,EF,F0,00,00,FD,00,00,FC,00,00,B5,00,B6
BB,24,B1,54,00,F6,00,00,FC,00,00,F0,F0,00,00,BF,C0,1B,2B,00,FB,00,00,F0,EF,00,00,FA,38,00,34,BA,C0,00,00,EF,F0,00,00,FD,00,00,FC,00,00,B5,00,B6
BB,24,B1,54,00,F6,00,00,FC,00,00,F0,F0,00,00,BF,C0,1B,2B,00,FC,00,00,F0,EF,00,1B,FA,38,00,34,BA,C0,00,00,EF,F0,00,00,FD,00,00,FC,00,00,B5,00,B6
BB,24,B1,54,00,F6,00,00,FC,00,00,F0,F0,00,00,BF,C0,1B,2B,00,FC,00,00,F0,EF,00,00,FA,38,00,34,BA,C0,00,00,EF,F0,00,00,FD,00,00,FC,00,00,B5,00,B6
BB,24,B1,54,00,F6,00,00,FC,00,00,F0,F0,00,00,BF,C0,1B,2B,00,FC,00,00,F0,EF,00,00,FA,38,00,34,BA,C0,00,00,EF,F0,00,00,FD,00,00,FC,00,00,B5,00,B6
BB,24,B1,54,00,F6,00,00,FC,00,00,F0,F0,00,00,BF,C0,1B,2B,00,FC,00,00,F0,EF,00,00,FA,38,00,34,BA,C0,00,00,EF,F0,00,00,FD,00,00,FC,00,00,B5,00,B6
BB,24,B1,54,00,F6,00,00,FC,00,00,F0,F0,00,00,BF,C0,1B,2B,00,FC,00,00,F0,EF,00,00,FA,38,00,34,BA,C0,00,00,EF,F0,00,00,FD,00,00,FC,00,00,B5,00,B6
BB,24,B1,54,00,F6,00,00,FC,00,00,F0,F0,00,00,BF,C0,1B,2B,00,FC,00,00,F0,EF,00,00,FA,38,00,34,BA,C0,00,00,EF,F0,00,00,FD,00,00,FC,00,00,B5,00,B6
BB,24,B1,54,00,F6,00,00,FC,00,00,F0,F0,00,00,BF,C0,1B,2B,00,FC,00,00,F0,EF,00,00,FA,38,00,34,BA,C0,00,00,EF,F0,00,00,FD,00,00,FC,00,00,B5,00,B6
BB,24,B1,54,00,F6,00,00,FC,00,00,F0,F0,00,00,BF,C0,1B,2B,00,FC,00,00,F0,EF,00,00,FA,38,00,34,BA,C0,00,00,EF,F0,00,00,FD,00,00,FC,00,00,B5,00,B6
BB,24,B1,54,00,F6,00,00,FC,00,00,F0,F0,00,00,BF,C0,1B,2B,00,FC,00,00,F0,EF,00,00,FA,38,00,34,BA,C0,00,00,EF,F0,00,00,FD,00,00,FC,00,00,B5,00,B6
BB,24,B1,54,00,F6,00,00,FC,00,00,F0,F0,00,00,BF,C0,1B,2B,00,FC,00,00,F0,EF,00,00,FA,38,00,34,BA,C0,00,00,EF,F0,00,00,FD,00,00,FC,00,00,B5,00,B6
BB,24,B1,54,00,F6,00,00,FC,00,00,F0,F0,00,00,BF,C0,1B,2B,00,FC,00,00,F0,EF,00,00,FA,38,00,34,BA,C0,00,00,EF,F0,00,00,FD,00,00,FC,00,00,B5,00,B6
BB,24,B1,54,00,F6,00,00,FC,00,00,F0,F0,00,00,BF,C0,1B,2B,00,FC,00,00,F0,EF,00,00,FA,38,00,34,BA,C0,00,00,EF,F0,00,00,FD,00,00,FC,00,00,B5,00,B6
BB,24,B1,54,00,F6,00,00,FC,00,00,F0,F0,00,00,BF,C0,1B,2B,00,FC,00,00,F0,EF,00,00,FA,38,00,34,BA,C0,00,00,EF,F0,00,00,FD,00,00,FC,00,00,B5,00,B6
BB,24,B1,54,00,F6,00,00,FC,00,00,F0,F0,00,00,BF,C0,1B,2B,00,FC,00,00,F0,EF,00,00,FA,38,00,34,BA,C0,00,00,EF,F0,00,00,FD,00,00,FC,00,00,B5,00,B6
BB,24,B1,54,00,F6,00,00,FC,00,00,F0,F0,00,00,BF,C0,1B,2B,00,FC,00,00,F0,EF,00,00,FA,38,00,34,BA,C0,00,00,EF,F0,00,00,FD,00,00,FC,00,00,B5,00,B6
BB,24,B1,54,00,F6,00,00,FC,00,00,F0,F0,00,00,BF,C0,1B,2B,00,FC,00,00,F0,EF,00,1B,FA,38,00,34,BA,C0,00,00,EF,F0,00,00,FD,00,00,FC,00,00,B5,00,B6
BB,24,B1,54,00,F6,00,00,FC,00,00,F0,F0,00,00,BF,C0,1B,2B,00,FC,00,00,F0,EF,00,00,FA,38,00,34,BA,C0,00,00,EF,F0,00,00,FD,00,00,FC,00,00,B5,00,B6
BB,24,B1,54,00,F6,00,00,FC,00,00,F0,F0,00,00,BF,C0,1B,2B,00,FC,00,00,F0,EF,00,00,FA,38,00,34,BA,C0,00,00,EF,F0,00,00,FD,00,00,FC,00,00,B5,00,B6
BB,24,B1,54,00,F6,00,00,FC,00,00,F0,F0,00,00,BF,C0,1B,2B,00,FC,00,00,F0,EF,00,00,FA,38,00,34,BA,C0,00,00,EF,F0,00,00,FD,00,00,FC,00,00,B5,00,B6
BB,24,B1,54,00,F6,00,00,FC,00,00,F0,F0,00,00,BF,C0,1B,2B,00,FC,00,00,F0,EF,00,00,FA,38,00,34,BA,C0,00,00,EF,F0,00,00,FD,00,00,FC,00,00,B5,00,B6
BB,24,B1,54,00,F6,00,00,FC,00,00,F0,F0,00,00,BF,C0,1B,2B,00,FC,00,00,F0,EF,00,00,FA,38,00,34,BA,C0,00,00,EF,F0,00,00,FD,00,00,FC,00,00,B5,00,B6
BB,24,B1,54,00,F6,00,00,FC,00,00,F0,F0,00,00,BF,C0,1B,2B,00,FC,00,00,F0,EF,00,00,FA,38,00,34,BA,C0,00,00,EF,F0,00,00,FD,00,00,FC,00,00,B5,00,B6
BB,24,B1,54,00,F6,00,00,FC,00,00,F0,F0,00,00,BF,C0,1B,2B,00,FC,00,00,F0,EF,00,00,FA,38,00,34,BA,C0,00,00,EF,F0,00,00,FD,00,00,FC,00,00,B5,00,B6
BB,24,B1,54,00,F6,00,00,FC,00,00,F0,F0,00,00,BF,C0,1B,2B,00,FC,00,00,F0,EF,00,00,FA,38,00,34,BA,C0,00,00,EF,F0,00,00,FD,00,00,FC,00,00,B5,00,B6
BB,24,B1,54,00,F6,00,00,FC,00,00,F0,F0,00,00,BF,C0,1B,2B,00,FC,00,00,F0,EF,00,00,FA,38,00,34,BA,C0,00,00,EF,F0,00,00,FD,00,00,FC,00,00,B5,00,B6
BB,24,B1,54,00,F6,00,00,FC,00,00,F0,F0,00,00,BF,C0,1B,2B,00,FC,00,00,F0,EF,00,00,FA,38,00,34,BA,C0,00,00,EF,F0,00,00,FD,00,00,FC,00,00,B5,00,B6
BB,24,B1,54,00,F6,00,00,FC,00,00,F0,F0,00,00,BF,C0,1B,2B,00,FC,00,00,F0,EF,00,00,FA,38,00,34,BA,C0,00,00,EF,F0,00,00,FD,00,00,FC,00,00,B5,00,B6
BB,24,B1,54,00,F6,00,00,FC,00,00,F0,F0,00,00,BF,C0,1B,2B,00,FC,00,00,F0,EF,00,00,FA,38,00,34,BA,C0,00,00,EF,F0,00,00,FD,00,00,FC,00,00,B5,00,B6
BB,24,B1,54,00,F6,00,00,FC,00,00,F0,F0,00,00,BF,C0,1B,2B,00,FC,00,00,F0,EF,00,00,FA,38,00,34,BA,C0,00,00,EF,F0,00,00,FD,00,00,FC,00,00,B5,00,B6
BB,24,B1,54,00,F6,00,00,FC,00,00,F0,F0,00,00,BF,C0,1B,2B,00,FC,00,00,F0,EF,00,00,FA,38,00,34,BA,C0,00,00,EF,F0,00,00,FD,00,00,FC,00,00,B5,00,B6
BB,24,B1,54,00,F6,00,00,FC,00,00,F0,F0,00,00,BF,C0,1B,2B,00,FC,00,00,F0,EF,00,1B,FA,38,00,34,BA,C0,00,00,EF,F0,00,00,FD,00,00,FC,00,00,B5,00,B6
BB,24,B1,54,00,F6,00,00,FC,00,00,F0,F0,00,00,BF,C0,1B,2B,00,FC,00,00,F0,EF,00,00,FA,38,00,34,BA,C0,00,00,EF,F0,00,00,FD,00,00,FC,00,00,B5,00,B6
BB,24,B1,54,00,F6,00,00,FC,00,00,F0,F0,00,00,BF,C0,1B,2B,00,FC,00,00,F0,EF,00,00,FA,38,00,34,BA,C0,00,00,EF,F0,00,00,FD,00,00,FC,00,00,B5,00,B6
BB,24,B1,54,00,F6,00,00,FC,00,00,F0,F0,00,00,BF,C0,1B,2B,00,FC,00,00,F0,EF,00,00,FA,38,00,34,BA,C0,00,00,EF,F0,00,00,FD,00,00,FC,00,00,B5,00,B6
BB,24,B1,54,00,F6,00,00,FC,00,00,F0,F0,00,00,BF,C0,1B,2B,00,FC,00,00,F0,EF,00,00,FA,38,00,34,BA,C0,00,00,EF,F0,00,00,FD,00,00,FC,00,00,B5,00,B6
BB,24,B1,54,00,F6,00,00,FC,00,00,F0,F0,00,00,BF,C0,1B,2B,00,FC,00,00,F0,EF,00,00,FA,38,00,34,BA,C0,00,00,EF,F0,00,00,FD,00,00,FC,00,00,B5,00,B6
BB,24,B1,54,00,F6,00,00,FC,00,00,F0,F0,00,00,BF,C0,1B,2B,00,FC,00,00,F0,EF,00,00,FA,38,00,34,BA,C0,00,00,EF,F0,00,00,FD,00,00,FC,00,00,B5,00,B6
BB,24,B1,54,00,F6,00,00,FC,00,00,F0,F0,00,00,BF,C0,1B,2B,00,FC,00,00,F0,EF,00,00,FA,38,00,34,BA,C0,00,00,EF,F0,00,00,FD,00,00,FC,00,00,B5,00,B6
BB,24,B1,54,00,F6,00,00,FC,00,00,F0,F0,00,00,BF,C0,1B,2B,00,FC,00,00,F0,EF,00,00,FA,38,00,34,BA,C0,00,00,EF,F0,00,00,FD,00,00,FC,00,00,B5,00,B6
BB,24,B1,54,00,F6,00,00,FC,00,00,F0,F0,00,00,BF,C0,1B,2B,00,FC,00,00,F0,EF,00,00,FA,38,00,34,BA,C0,00,00,EF,F0,00,00,FD,00,00,FC,00,00,B5,00,B6
BB,24,B1,54,00,F6,00,00,FC,00,00,F0,F0,00,00,BF,C0,1B,2B,00,FC,00,00,F0,EF,00,00,FA,38,00,34,BA,C0,00,00,EF,F0,00,00,FD,00,00,FC,00,00,B5,00,B6
BB,24,B1,54,00,F6,00,00,FC,00,00,F0,F0,00,00,BF,C0,1B,2B,00,FC,00,00,F0,EF,00,00,FA,38,00,34,BA,C0,00,00,EF,F0,00,00,FD,00,00,FC,00,00,B5,00,B6
BB,24,B1,54,00,F6,00,00,FC,00,00,F0,F0,00,00,BF,C0,1B,2B,00,FC,00,00,F0,EF,00,00,FA,38,00,34,BA,C0,00,00,EF,F0,00,00,FD,00,00,FC,00,00,B5,00,B6
BB,24,B1,54,00,F6,00,00,FC,00,00,F0,F0,00,00,BF,C0,1B,2B,00,FC,00,00,F0,EF,00,00,FA,38,00,34,BA,C0,00,00,EF,F0,00,00,FD,00,00,FC,00,00,B5,00,B6
